,precision,recall,f1score,support
0,0.7368421052631579,0.8235294117647058,0.7777777777777778,17.0
1,0.8235294117647058,0.7368421052631579,0.7777777777777778,19.0
