,precision,recall,f1score,support
0,0.6842105263157895,0.6842105263157895,0.6842105263157895,19.0
1,0.76,0.76,0.76,25.0
