,precision,recall,f1score,support
0,0.84,0.9545454545454546,0.8936170212765957,22.0
1,0.9,0.6923076923076923,0.782608695652174,13.0
