,precision,recall,f1score,support
0,0.7272727272727273,0.8888888888888888,0.8,18.0
1,0.8571428571428571,0.6666666666666666,0.75,18.0
