,precision,recall,f1score,support
0,0.85,0.8947368421052632,0.8717948717948718,19.0
1,0.875,0.8235294117647058,0.8484848484848485,17.0
