,precision,recall,f1score,support
0,0.7894736842105263,0.9375,0.8571428571428571,16.0
1,0.9411764705882353,0.8,0.8648648648648649,20.0
