,precision,recall,f1score,support
0,0.9473684210526315,0.9473684210526315,0.9473684210526315,19.0
1,0.9411764705882353,0.9411764705882353,0.9411764705882353,17.0
