,precision,recall,f1score,support
0,0.8333333333333334,0.9375,0.8823529411764706,16.0
1,0.9444444444444444,0.85,0.8947368421052632,20.0
