,precision,recall,f1score,support
0,0.9,0.8571428571428571,0.8780487804878049,21.0
1,0.8125,0.8666666666666667,0.8387096774193549,15.0
