actual,predicted
5.562698254,6.333492221599999
3.446852204,6.033685427099999
7.406515146,6.333492221599999
0.0,1.80510346735
5.464455398,5.462285936799999
0.0,1.80510346735
5.122300548,5.720610979999999
3.619490533,6.1428011101
0.0,0.02849051045
8.459865801,6.080026690749999
1.199511484,4.559801927700001
7.570726236,6.2542775143
