,precision,recall,f1score,support
0,0.7222222222222222,0.8125,0.7647058823529411,16.0
1,0.8235294117647058,0.7368421052631579,0.7777777777777778,19.0
