,precision,recall,f1score,support
0,0.6111111111111112,0.6875,0.6470588235294118,16.0
1,0.7058823529411765,0.631578947368421,0.6666666666666666,19.0
