,precision,recall,f1score,support
0,0.8,0.75,0.7741935483870968,16.0
1,0.8,0.8421052631578947,0.8205128205128205,19.0
