actual,predicted
5.562698254,10.094527420944289
3.446852204,5.811439971523214
7.406515146,7.122479802366689
0.0,0.4737549593607143
5.464455398,4.681494485249843
0.0,0.0
5.122300548,5.169871465
3.619490533,5.3987284191716665
0.0,0.1559269064
8.459865801,8.223681218589288
1.199511484,2.9762008012000005
7.570726236,7.219148033338117
