,precision,recall,f1score,support
0,1.0,0.75,0.8571428571428571,28.0
1,0.6956521739130435,1.0,0.8205128205128205,16.0
