,precision,recall,f1score,support
0,0.8095238095238095,0.9444444444444444,0.8717948717948718,18.0
1,0.9333333333333333,0.7777777777777778,0.8484848484848485,18.0
