,precision,recall,f1score,support
0,0.7619047619047619,0.9411764705882353,0.8421052631578947,17.0
1,0.9333333333333333,0.7368421052631579,0.8235294117647058,19.0
