,precision,recall,f1score,support
0,0.8888888888888888,0.8421052631578947,0.8648648648648649,19.0
1,0.8333333333333334,0.8823529411764706,0.8571428571428571,17.0
