,precision,recall,f1score,support
0,0.8666666666666667,0.8125,0.8387096774193549,16.0
1,0.85,0.8947368421052632,0.8717948717948718,19.0
