,precision,recall,f1score,support
0,0.8421052631578947,0.7619047619047619,0.8,21.0
1,0.7058823529411765,0.8,0.75,15.0
