,precision,recall,f1score,support
0,1.0,0.6428571428571429,0.782608695652174,28.0
1,0.6153846153846154,1.0,0.7619047619047619,16.0
