,precision,recall,f1score,support
0,0.9259259259259259,0.8928571428571429,0.9090909090909091,28.0
1,0.8235294117647058,0.875,0.8484848484848485,16.0
