,precision,recall,f1score,support
0,0.75,0.75,0.75,16.0
1,0.7894736842105263,0.7894736842105263,0.7894736842105263,19.0
