,precision,recall,f1score,support
0,0.8095238095238095,0.8095238095238095,0.8095238095238095,21.0
1,0.7333333333333333,0.7333333333333333,0.7333333333333333,15.0
