,precision,recall,f1score,support
0,0.75,0.8571428571428571,0.8,28.0
1,0.6666666666666666,0.5,0.5714285714285714,16.0
