,precision,recall,f1score,support
0,1.0,0.6428571428571429,0.782608695652174,28.0
1,0.6153846153846154,1.0,0.761904761904762,16.0
