,precision,recall,f1score,support
0,0.9333333333333333,0.6666666666666666,0.7777777777777778,21.0
1,0.6666666666666666,0.9333333333333333,0.7777777777777778,15.0
