,precision,recall,f1score,support
0,0.5,0.05263157894736842,0.09523809523809523,19.0
1,0.5714285714285714,0.96,0.7164179104477612,25.0
