actual,predicted
5.562698254,6.363455845554526
3.446852204,5.36398386213213
7.406515146,6.35889711136156
0.0,1.5056930240122368
5.464455398,5.5971420700958845
0.0,0.26206225820672935
5.122300548,5.0642992030327765
3.619490533,5.461408992201509
0.0,-1.3472304989819097
8.459865801,6.261653868486024
1.199511484,2.917248375019739
7.570726236,5.206996499925377
