,precision,recall,f1score,support
0,0.9333333333333333,0.875,0.9032258064516129,16.0
1,0.9,0.9473684210526315,0.9230769230769231,19.0
