,precision,recall,f1score,support
0,0.8125,0.8125,0.8125,16.0
1,0.8421052631578947,0.8421052631578947,0.8421052631578947,19.0
