,precision,recall,f1score,support
0,0.8888888888888888,0.8421052631578947,0.8648648648648649,19.0
1,0.8846153846153846,0.92,0.9019607843137255,25.0
