,precision,recall,f1score,support
0,0.7368421052631579,0.875,0.8,16.0
1,0.8823529411764706,0.75,0.8108108108108109,20.0
