,precision,recall,f1score,support
0,0.9444444444444444,0.7727272727272727,0.85,22.0
1,0.7058823529411765,0.9230769230769231,0.8,13.0
