,precision,recall,f1score,support
0,0.71875,0.8214285714285714,0.7666666666666666,28.0
1,0.5833333333333334,0.4375,0.5,16.0
