,precision,recall,f1score,support
0,0.9047619047619048,0.8636363636363636,0.8837209302325582,22.0
1,0.7857142857142857,0.8461538461538461,0.8148148148148148,13.0
