,precision,recall,f1score,support
0,0.7692307692307693,0.625,0.6896551724137931,16.0
1,0.7272727272727273,0.8421052631578947,0.7804878048780488,19.0
