,precision,recall,f1score,support
0,0.9,1.0,0.9473684210526315,18.0
1,1.0,0.8888888888888888,0.9411764705882353,18.0
