,precision,recall,f1score,support
0,0.7647058823529411,0.8125,0.7878787878787878,16.0
1,0.8333333333333334,0.7894736842105263,0.8108108108108109,19.0
