,precision,recall,f1score,support
0,0.8666666666666667,0.6842105263157895,0.7647058823529411,19.0
1,0.7142857142857143,0.8823529411764706,0.7894736842105263,17.0
