actual,predicted
5.562698254,8.085177724242447
3.446852204,5.778197099637206
7.406515146,6.272669795257315
0.0,3.1489257691338586
5.464455398,4.310637792691415
0.0,1.95814794054583
5.122300548,5.643271334395177
3.619490533,5.030987584974088
0.0,-0.4050675073434439
8.459865801,8.085177724242447
1.199511484,3.1682488069449097
7.570726236,6.643378199674705
