,precision,recall,f1score,support
0,0.7272727272727273,0.5,0.5925925925925926,16.0
1,0.6666666666666666,0.8421052631578947,0.7441860465116279,19.0
