,precision,recall,f1score,support
0,0.7894736842105263,0.7894736842105263,0.7894736842105263,19.0
1,0.7647058823529411,0.7647058823529411,0.7647058823529411,17.0
