,precision,recall,f1score,support
0,0.8571428571428571,0.8571428571428571,0.8571428571428571,28.0
1,0.75,0.75,0.75,16.0
