actual,predicted
5.562698254,8.362057715495752
3.446852204,5.82013271291308
7.406515146,6.31280163920107
0.0,1.4420391248723667
5.464455398,4.4334157159927665
0.0,-0.10591477446141018
5.122300548,5.269875847371822
3.619490533,5.69528837019712
0.0,-0.6636524160990398
8.459865801,7.9691266163472685
1.199511484,3.509261988638145
7.570726236,6.6053337311013545
