,precision,recall,f1score,support
0,0.8571428571428571,0.75,0.8,16.0
1,0.8181818181818182,0.9,0.8571428571428571,20.0
