,precision,recall,f1score,support
0,0.9285714285714286,0.6190476190476191,0.7428571428571429,21.0
1,0.6363636363636364,0.9333333333333333,0.7567567567567568,15.0
