,precision,recall,f1score,support
0,0.7777777777777778,0.7777777777777778,0.7777777777777778,18.0
1,0.7777777777777778,0.7777777777777778,0.7777777777777778,18.0
