,precision,recall,f1score,support
0,0.5357142857142857,0.7894736842105263,0.6382978723404256,19.0
1,0.75,0.48,0.5853658536585366,25.0
