,precision,recall,f1score,support
0,0.8888888888888888,0.7272727272727273,0.8,22.0
1,0.6470588235294118,0.8461538461538461,0.7333333333333333,13.0
