,precision,recall,f1score,support
0,1.0,0.7142857142857143,0.8333333333333334,28.0
1,0.6666666666666666,1.0,0.8,16.0
