,precision,recall,f1score,support
0,0.7647058823529411,0.9285714285714286,0.8387096774193549,28.0
1,0.8,0.5,0.6153846153846154,16.0
