,precision,recall,f1score,support
0,0.7142857142857143,0.7894736842105263,0.75,19.0
1,0.8260869565217391,0.76,0.7916666666666666,25.0
