,precision,recall,f1score,support
0,0.8,0.8888888888888888,0.8421052631578947,18.0
1,0.875,0.7777777777777778,0.8235294117647058,18.0
