,precision,recall,f1score,support
0,0.75,0.9375,0.8333333333333334,16.0
1,0.9375,0.75,0.8333333333333334,20.0
