,precision,recall,f1score,support
0,0.8636363636363636,0.8636363636363636,0.8636363636363636,22.0
1,0.7692307692307693,0.7692307692307693,0.7692307692307693,13.0
