,precision,recall,f1score,support
0,0.8095238095238095,0.8947368421052632,0.85,19.0
1,0.8666666666666667,0.7647058823529411,0.8125,17.0
