,precision,recall,f1score,support
0,1.0,0.9090909090909091,0.9523809523809523,22.0
1,0.8666666666666667,1.0,0.9285714285714286,13.0
