,precision,recall,f1score,support
0,0.8260869565217391,1.0,0.9047619047619048,19.0
1,1.0,0.84,0.9130434782608695,25.0
