,precision,recall,f1score,support
0,0.9285714285714286,0.8125,0.8666666666666667,16.0
1,0.8571428571428571,0.9473684210526315,0.9,19.0
